,mse,psnr
1x,0.005201778840273619,52.587547302246094
Denoised 1x,0.0007954066968522966,71.36657238006592
old Denoised 1x,0.0007514254539273679,71.93538665771484
clean,,
